Index,Time,Cmt,wt1,wt2,rsiMFI
654,2022-02-14 22:00,ShortCond,73.35107905395276,77.09809669623034,0.993001863907589
